ID,Counts,Names
P0AGE0, 19, ['Single-stranded DNA-binding protein', 'SSB', 'Helix-destabilizing protein']
P07762, 212, ['1,4-alpha-glucan branching enzyme GlgB', '1,4-alpha-D-glucan:1,4-alpha-D-glucan 6-glucosyl-transferase', 'Alpha-(1->4)-glucan branching enzyme', 'Glycogen branching enzyme', 'BE']
P13029, 277, ['Catalase-peroxidase', 'CP', 'Hydroperoxidase I', 'HPI', 'Peroxidase/catalase']
P22259, 579, ['Phosphoenolpyruvate carboxykinase', 'ATP', 'PCK', 'PEP carboxykinase', 'PEPCK']
P30870, 1748, ['Bifunctional glutamine synthetase adenylyltransferase/adenylyl-removing enzyme', 'ATP:glutamine synthetase adenylyltransferase', 'ATase) [Includes: Glutamine synthetase adenylyl-L-tyrosine phosphorylase  (Adenylyl removase', 'AR', 'AT-N', 'AT-N440', 'P-I); Glutamine synthetase adenylyl transferase  (Adenylyl transferase', 'AT', 'AT-C)]']
P0AFU8, 297, ['Riboflavin synthase', 'RS']
P68191, 70, ['Stationary-phase-induced ribosome-associated protein', 'Protein D', 'SRA', '30S ribosomal protein S22']
P00904, 445, ['Bifunctional protein TrpGD [Includes: Anthranilate synthase component 2', 'AS', 'ASII', 'Anthranilate synthase, glutamine amidotransferase component); Anthranilate phosphoribosyltransferase ]']
P00895, 456, ['Anthranilate synthase component 1', 'AS', 'ASI']
P12008, 263, ['Chorismate synthase', 'CS', '5-enolpyruvylshikimate-3-phosphate phospholyase', 'EPSP phospholyase']
P15770, 187, ['Shikimate dehydrogenase', 'NADP(+)', 'SD', 'SDH']
P31663, 377, ['Pantothenate synthetase', 'PS', 'Pantoate--beta-alanine ligase', 'Pantoate-activating enzyme']
P0A9J6, 66, ['Ribokinase', 'RK']
P0A6A8, 72, ['Acyl carrier protein', 'ACP', 'Cytosolic-activating factor', 'CAF', 'Fatty acid synthase acyl carrier protein']
P13009, 455, ['Methionine synthase', '5-methyltetrahydrofolate--homocysteine methyltransferase', 'Methionine synthase, vitamin-B12-dependent', 'MS']
P06715, 194, ['Glutathione reductase', 'GR', 'GRase']
P06721, 464, ['Cystathionine beta-lyase MetC', 'CBL', 'CL', 'Beta-cystathionase MetC', 'Cysteine desulfhydrase MetC', 'CD', 'Cysteine lyase MetC', 'Cysteine-S-conjugate beta-lyase MetC']
P0A6I0, 66, ['Cytidylate kinase', 'CK', 'Cytidine monophosphate kinase', 'CMP kinase', 'Protein MssA', 'p25']
P0A884, 230, ['Thymidylate synthase', 'TS', 'TSase']
P26602, 175, ['Chorismate pyruvate-lyase', 'CL', 'CPL']
P00934, 228, ['Threonine synthase', 'TS']
P07913, 3, ['L-threonine 3-dehydrogenase', 'TDH', 'L-threonine dehydrogenase']
P0AG07, 12, ['Ribulose-phosphate 3-epimerase', 'Pentose-5-phosphate 3-epimerase', 'PPE', 'R5P3E']
P80644, 133, ['FMN reductase', 'NADPH', 'FMN reductase', 'Sulfate starvation-induced protein 4', 'SSI4']
P0AGB0, 8, ['Phosphoserine phosphatase', 'PSP', 'PSPase', 'O-phosphoserine phosphohydrolase']
P06959, 99, ['Dihydrolipoyllysine-residue acetyltransferase component of pyruvate dehydrogenase complex', 'Dihydrolipoamide acetyltransferase component of pyruvate dehydrogenase complex', 'E2']
P0A7J0, 1, ['3,4-dihydroxy-2-butanone 4-phosphate synthase', 'DHBP synthase', 'DHBPS']
P05719, 48, ['Type I restriction enzyme EcoKI specificity subunit', 'S protein', 'Type I specificity subunit S.EcoKI', 'S.EcoKI', 'Type-1 restriction enzyme EcoKI specificity subunit']
P0AG82, 33, ['Phosphate-binding protein PstS', 'PBP']
P0A7E9, 10, ['Uridylate kinase', 'UK', 'Uridine monophosphate kinase', 'UMP kinase', 'UMPK']
P0A850, 120, ['Trigger factor', 'TF', 'PPIase']
P0A9C5, 150, ['Glutamine synthetase', 'GS', 'Glutamate--ammonia ligase', 'Glutamine synthetase I beta', 'GSI beta']
P07464, 31, ['Galactoside O-acetyltransferase', 'GAT', 'Acetyl-CoA:galactoside 6-O-acetyltransferase', 'Thiogalactoside acetyltransferase', 'Thiogalactoside transacetylase']
P0A731, 5, ['Methylglyoxal synthase', 'MGS']
P07639, 1, ['3-dehydroquinate synthase', 'DHQS']
P25524, 295, ['Cytosine deaminase', 'CD', 'CDA', 'CDase', 'Cytosine aminohydrolase', 'Isoguanine deaminase']
P18775, 2, ['Dimethyl sulfoxide reductase DmsA', 'DMSO reductase', 'DMSOR', 'Me2SO reductase']
P77374, 2, ['Putative dimethyl sulfoxide reductase chain YnfE', 'DMSO reductase']
P77783, 2, ['Probable dimethyl sulfoxide reductase chain YnfF', 'DMSO reductase']
P21170, 16, ['Biosynthetic arginine decarboxylase', 'ADC']
P28629, 16, ['Biodegradative arginine decarboxylase', 'ADC']
P0AEQ3, 1, ['Glutamine-binding periplasmic protein', 'GlnBP']
P08956, 52, ['Type I restriction enzyme EcoKI endonuclease subunit', 'EcoKI', 'R protein']
P0A7E1, 112, ['Dihydroorotate dehydrogenase', 'quinone', 'DHOdehase', 'DHOD', 'DHODase', 'Dihydroorotate oxidase']
P0A8G6, 112, ['NAD(P)H dehydrogenase', 'quinone', 'Flavoprotein WrbA', 'NAD(P)H:quinone oxidoreductase', 'NQO']
P28861, 25, ['Flavodoxin/ferredoxin--NADP reductase', 'Ferredoxin (flavodoxin):NADP(+) oxidoreductase', 'Ferredoxin--NADP reductase', 'FNR', 'Flavodoxin--NADP reductase', 'FLDR', 'Methyl viologen resistance protein A', 'dA1']
P62620, 51, ['4-hydroxy-3-methylbut-2-en-1-yl diphosphate synthase', 'flavodoxin', '1-hydroxy-2-methyl-2-(E)-butenyl 4-diphosphate synthase', 'Protein GcpE', 'Protein E']
P76341, 4, ['5-hydroxyisourate hydrolase', 'HIU hydrolase', 'HIUHase', 'Transthyretin-like protein', 'TLP', 'Transthyretin-related protein', 'TRP']
P0A776, 1, ['RNA pyrophosphohydrolase', '(Di)nucleoside polyphosphate hydrolase', 'Ap5A pyrophosphatase']
P37794, 15, ['Chitooligosaccharide deacetylase ChbG', 'COD', 'Chitin disaccharide deacetylase', 'Chitobiose deacetylase', 'Chitobiose-6P deacetylase', 'Chitotriose deacetylase', 'Chitotriose-6P deacetylase']
P0A7K2, 10, ['Large ribosomal subunit protein bL12', '50S ribosomal protein L7/L12', 'L8']
P0AFW2, 27, ['Ribosome modulation factor', 'RMF', 'Hibernation factor RMF', 'Protein E']
P38135, 43, ['Medium-chain fatty-acid--CoA ligase', 'Acyl-CoA synthetase', 'ACS', 'Fatty acyl-CoA synthetase FadK']
P08957, 24, ['Type I restriction enzyme EcoKI methylase subunit', 'M protein', 'Type I methyltransferase M.EcoKI', 'M.EcoKI']
P00448, 6, ['Superoxide dismutase [Mn]', 'MnSOD']
P0A858, 25, ['Triosephosphate isomerase', 'TIM', 'TPI', 'Triose-phosphate isomerase']
P60716, 181, ['Lipoyl synthase', 'Lip-syn', 'LS', 'Lipoate synthase', 'Lipoic acid synthase', 'Sulfur insertion protein LipA']
P61714, 180, ['6,7-dimethyl-8-ribityllumazine synthase', 'DMRL synthase', 'LS', 'Lumazine synthase']
P69931, 16, ['DnaA regulatory inactivator Hda', 'DnaA paralog', 'Dp']
P0AE37, 67, ['Arginine N-succinyltransferase', 'AST', 'AOST']
P0A749, 21, ['UDP-N-acetylglucosamine 1-carboxyvinyltransferase', 'Enoylpyruvate transferase', 'UDP-N-acetylglucosamine enolpyruvyl transferase', 'EPT']
P31142, 5, ['3-mercaptopyruvate sulfurtransferase', 'MST', 'Rhodanese-like protein']
P27253, 13, ['Methylmalonyl-CoA mutase', 'MCM']
P0ADG7, 21, ["Inosine-5'-monophosphate dehydrogenase", 'IMP dehydrogenase', 'IMPD', 'IMPDH']
P45568, 2, ['1-deoxy-D-xylulose 5-phosphate reductoisomerase', 'DXP reductoisomerase', '1-deoxyxylulose-5-phosphate reductoisomerase', '2-C-methyl-D-erythritol 4-phosphate synthase']
P0AG24, 9, ['Bifunctional', 'p)ppGpp synthase/hydrolase SpoT [Includes: GTP pyrophosphokinase  ((p)ppGpp synthase', "ATP:GTP 3'-pyrophosphotransferase", 'Stringent response-like protein', "ppGpp synthase II); Guanosine-3',5'-bis(diphosphate) 3'-pyrophosphohydrolase  (Penta-phosphate guanosine-3'-pyrophosphohydrolase", '(ppGpp)ase)]']
P09147, 1, ['UDP-glucose 4-epimerase', 'Galactowaldenase', 'UDP-galactose 4-epimerase']
P0ACJ8, 46, ['DNA-binding transcriptional dual regulator CRP', 'Catabolite activator protein', 'CAP', 'Catabolite gene activator', 'cAMP receptor protein', 'CRP', 'cAMP regulatory protein', 'cAMP-activated global transcriptional regulator CRP']
P0AEW4, 1, ["3',5'-cyclic adenosine monophosphate phosphodiesterase CpdA", "3',5'-cyclic AMP phosphodiesterase", 'cAMP phosphodiesterase']
P08997, 9, ['Malate synthase A', 'MSA']
P36649, 9, ['Multicopper oxidase CueO', 'MCO', 'Blue copper oxidase CueO', 'Copper efflux oxidase', 'Cu efflux oxidase', 'Cuprous oxidase']
P24216, 1, ['Flagellar hook-associated protein 2', 'HAP2', 'Filament cap protein', 'Flagellar cap protein']
P0ADA1, 19, ['Thioesterase 1/protease 1/lysophospholipase L1', 'TAP', 'Acyl-CoA thioesterase 1', 'TESA', 'Acyl-CoA thioesterase I', 'Arylesterase', 'Lysophospholipase L1', 'Oleoyl-[acyl-carrier-protein] hydrolase', 'Phospholipid degradation C', 'Pldc', 'Protease 1', 'Protease I', 'Thioesterase I/protease I', 'TEP-I']
P15042, 16, ['DNA ligase', 'Polydeoxyribonucleotide synthase [NAD(+)]']
P0A817, 32, ['S-adenosylmethionine synthase', 'AdoMet synthase', 'MAT', 'Methionine adenosyltransferase']
P77791, 32, ['Maltose O-acetyltransferase', 'MAT', 'Maltose transacetylase']
P17846, 5, ['Sulfite reductase [NADPH] hemoprotein beta-component', 'SiR-HP', 'SiRHP']
P24174, 65, ['Mannose-1-phosphate guanylyltransferase', 'GDP-mannose pyrophosphorylase', 'GMP', 'GMPP']
P0A6F3, 10, ['Glycerol kinase', 'ATP:glycerol 3-phosphotransferase', 'Glycerokinase', 'GK']
P0A7B5, 10, ['Glutamate 5-kinase', 'Gamma-glutamyl kinase', 'GK']
P77444, 14, ['Cysteine desulfurase', 'Cysteine sulfinate desulfinase', 'CSD', 'Selenocysteine beta-lyase', 'SCL', 'Selenocysteine lyase', 'Selenocysteine reductase']
P0A8H6, 22, ['Der GTPase-activating protein YihI', 'GAP']
P23908, 59, ['Acetylornithine deacetylase', 'AO', 'Acetylornithinase', 'N-acetylornithinase', 'NAO']
P0AEX5, 3, ['Probable phosphoribulokinase', 'PRK', 'PRKase', 'Phosphopentokinase']
P55135, 13, ['23S rRNA', 'uracil(1939)-C(5))-methyltransferase RlmD  (23S rRNA(m5U1939)-methyltransferase']
P36999, 13, ['23S rRNA', 'guanine(745)-N(1))-methyltransferase  (23S rRNA m1G745 methyltransferase', 'Ribosomal RNA large subunit methyltransferase A']
P63177, 13, ['23S rRNA', "guanosine-2'-O-)-methyltransferase RlmB  (23S rRNA (guanosine2251 2'-O)-methyltransferase", "23S rRNA Gm2251 2'-O-methyltransferase"]
P75817, 13, ['23S rRNA', 'uracil(747)-C(5))-methyltransferase RlmC  (23S rRNA(m5U747)-methyltransferase']
P0A8Y8, 15, ['Proofreading thioesterase EntH', 'Enterobactin synthase component H', 'p15']
P13482, 1, ['Periplasmic trehalase', 'Alpha,alpha-trehalase', 'Alpha,alpha-trehalose glucohydrolase', 'Tre37A']
P21189, 26, ['DNA polymerase II', 'Pol II']
P42630, 5, ['L-serine dehydratase TdcG', 'SDH', 'L-serine deaminase']
P0A873, 264, ['tRNA', 'guanine-N(1)-)-methyltransferase  (M1G-methyltransferase', 'tRNA [GM37] methyltransferase']
P0A8I5, 264, ['tRNA', 'guanine-N(7)-)-methyltransferase  (tRNA (guanine(46)-N(7))-methyltransferase', 'tRNA(m7G46)-methyltransferase']
P0A8L1, 6, ['Serine--tRNA ligase', 'Seryl-tRNA synthetase', 'SerRS', 'Seryl-tRNA(Ser/Sec) synthetase']
P0AE01, 264, ['tRNA', "cytidine/uridine-2'-O-)-methyltransferase TrmJ  (TrMet(Xm32)", "tRNA (cytidine(32)/uridine(32)-2'-O)-methyltransferase", 'tRNA Cm32/Um32 methyltransferase']
P0AGJ7, 264, ['tRNA', "cytidine(34)-2'-O)-methyltransferase  (tRNA (cytidine/uridine-2'-O-)-methyltransferase TrmL"]
P28634, 264, ['tRNA', 'adenine(37)-N6)-methyltransferase  (tRNA (m6t6A37) methyltransferase', 'tRNA methyltransferase O']
P0AGJ2, 264, ['tRNA', "guanosine(18)-2'-O)-methyltransferase  (tRNA [Gm18] methyltransferase"]
P0AD96, 1, ['Leu/Ile/Val-binding protein', 'LIV-BP']
P0AFX0, 2, ['Ribosome hibernation promoting factor', 'HPF', 'Hibernation factor HPF']
P0AGF4, 1, ['D-xylose-proton symporter', 'D-xylose transporter']
P0A7A9, 5, ['Inorganic pyrophosphatase', 'Pyrophosphate phospho-hydrolase', 'PPase']
P0A6M8, 5, ['Elongation factor G', 'EF-G']
P0AE18, 51, ['Methionine aminopeptidase', 'MAP', 'MetAP', 'Peptidase M']
P0ABK9, 2, ['Cytochrome c-552', 'Ammonia-forming cytochrome c nitrite reductase', 'Cytochrome c nitrite reductase']
P31660, 9, ['2-methylcitrate synthase', '2-MCS', 'MCS', '(2S,3S)-2-methylcitrate synthase', 'Citrate synthase']
P31677, 22, ['Trehalose-6-phosphate synthase', 'TPS', 'Alpha,alpha-trehalose-phosphate synthase [UDP-forming]', 'Osmoregulatory trehalose synthesis protein A', 'OtsA', 'UDP-glucose-glucosephosphate glucosyltransferase']
P30137, 43, ['Thiamine-phosphate synthase', 'TP synthase', 'TPS', 'Thiamine-phosphate pyrophosphorylase', 'TMP pyrophosphorylase', 'TMP-PPase']
P0AG99, 16, ['Protein-export membrane protein SecG', 'P12', 'Preprotein translocase band 1 subunit']
P0ABP8, 21, ['Purine nucleoside phosphorylase DeoD-type', 'PNP']
P00962, 4, ['Glutamine--tRNA ligase', 'Glutaminyl-tRNA synthetase', 'GlnRS']
P0A6Y8, 5, ['Chaperone protein DnaK', 'HSP70', 'Heat shock 70 kDa protein', 'Heat shock protein 70']
P25516, 26, ['Aconitate hydratase A', 'ACN', 'Aconitase', 'Iron-responsive protein-like', 'IRP-like', 'RNA-binding protein', 'Stationary phase enzyme']
P36683, 26, ['Aconitate hydratase B', 'ACN', 'Aconitase', '(2R,3S)-2-methylisocitrate dehydratase', '(2S,3R)-3-hydroxybutane-1,2,3-tricarboxylate dehydratase', '2-methyl-cis-aconitate hydratase', 'Iron-responsive protein-like', 'IRP-like', 'RNA-binding protein']
P0A825, 6, ['Serine hydroxymethyltransferase', 'SHMT', 'Serine methylase']
P69441, 55, ['Adenylate kinase', 'AK', 'ATP-AMP transphosphorylase', 'ATP:AMP phosphotransferase', 'Adenylate monophosphate kinase']
P00957, 3, ['Alanine--tRNA ligase', 'Alanyl-tRNA synthetase', 'AlaRS']
P0A8M3, 4, ['Threonine--tRNA ligase', 'Threonyl-tRNA synthetase', 'ThrRS']
P42632, 5, ['PFL-like enzyme TdcE', 'Keto-acid formate acetyltransferase', 'Keto-acid formate-lyase', 'Ketobutyrate formate-lyase', 'KFL', 'Pyruvate formate-lyase', 'PFL']
P07004, 10, ['Gamma-glutamyl phosphate reductase', 'GPR', 'Glutamate-5-semialdehyde dehydrogenase', 'Glutamyl-gamma-semialdehyde dehydrogenase', 'GSA dehydrogenase']
P0AEM9, 29, ['L-cystine-binding protein TcyJ', 'CBP', 'Protein FliY', 'Sulfate starvation-induced protein 7', 'SSI7']
P0A9M2, 3, ['Hypoxanthine phosphoribosyltransferase', 'HPRT', '6-oxopurine phosphoribosyltransferase', '6-oxopurine PRTase']
P09099, 6, ['Xylulose kinase', 'XK', 'Xylulokinase', '1-deoxy-D-xylulokinase']
P32662, 10, ['Phosphoglycolate phosphatase', 'PGP', 'PGPase']
P08200, 15, ['Isocitrate dehydrogenase [NADP]', 'IDH', 'IDP', 'NADP(+)-specific ICDH', 'Oxalosuccinate decarboxylase']
P06612, 2, ['DNA topoisomerase 1', 'DNA topoisomerase I', 'Omega-protein', 'Relaxing enzyme', 'Swivelase', 'Untwisting enzyme']
P00547, 24, ['Homoserine kinase', 'HK', 'HSK']
P75825, 7, ['Hydroxylamine reductase', 'Hybrid-cluster protein', 'HCP', 'Prismane protein']
P0AFS3, 17, ['Dihydromonapterin reductase', 'H(2)-MPt reductase', 'Dihydrofolate reductase', 'DHFR']
P0ABF4, 5, ['Bacterial microcompartment shell protein EutM', 'Bacterial microcompartment protein homohexamer', 'BMC-H', 'Ethanolamine utilization protein EutM']
P0AF12, 6, ["5'-methylthioadenosine/S-adenosylhomocysteine nucleosidase", 'MTA/SAH nucleosidase', 'MTAN', "5'-deoxyadenosine nucleosidase", 'DOA nucleosidase', 'dAdo nucleosidase', "5'-methylthioadenosine nucleosidase", 'MTA nucleosidase', 'S-adenosylhomocysteine nucleosidase', 'AdoHcy nucleosidase', 'SAH nucleosidase', 'SRH nucleosidase']
P31678, 11, ['Trehalose-6-phosphate phosphatase', 'TPP', 'Osmoregulatory trehalose synthesis protein B', 'Trehalose 6-phosphate phosphatase', 'Trehalose-phosphatase']
P0AEE5, 5, ['D-galactose/methyl-galactoside binding periplasmic protein MglB', 'D-galactose-binding periplasmic protein', 'GBP', 'D-galactose/D-glucose-binding protein', 'GGBP']
P65643, 4, ['Corrinoid adenosyltransferase EutT', 'ATP:co(I)rrinoid adenosyltransferase', 'ACAT', 'Cob(II)alamin adenosyltransferase EutT', 'Ethanolamine utilization cobalamin adenosyltransferase', 'Ethanolamine utilization corrinoid adenosyltransferase', 'EutT adenosyltransferase']
P0A7Y0, 8, ['Ribonuclease 3', 'Ribonuclease III', 'RNase III']
P21338, 9, ['Ribonuclease I', 'RNase I', 'Enterobacter ribonuclease']
P30850, 8, ['Exoribonuclease 2', 'Exoribonuclease II', 'RNase II', 'Ribonuclease II']
P23883, 8, ['NADP/NAD-dependent aldehyde dehydrogenase PuuC', 'ALDH', '3-hydroxypropionaldehyde dehydrogenase', 'Gamma-glutamyl-gamma-aminobutyraldehyde dehydrogenase', 'Gamma-Glu-gamma-aminobutyraldehyde dehydrogenase']
P23893, 5, ['Glutamate-1-semialdehyde 2,1-aminomutase', 'GSA', 'Glutamate-1-semialdehyde aminotransferase', 'GSA-AT']
P33228, 2, ['Protein RecT', 'P33']
P37651, 27, ['Endoglucanase', 'Carboxymethylcellulase', 'CMCase', 'Cellulase', 'Endo-1,4-beta-glucanase']
P76541, 3, ['Bacterial microcompartment shell protein EutL', 'BMC-T', 'Ethanolamine utilization protein EutL']
P0A6J1, 2, ['Adenylyl-sulfate kinase', 'APS kinase', "ATP adenosine-5'-phosphosulfate 3'-phosphotransferase", "Adenosine-5'-phosphosulfate kinase"]
P17854, 3, ["Phosphoadenosine 5'-phosphosulfate reductase", 'PAPS reductase', "3'-phosphoadenylylsulfate reductase", 'PAPS reductase, thioredoxin dependent', 'PAPS sulfotransferase', 'PAdoPS reductase']
P0A763, 1, ['Nucleoside diphosphate kinase', 'NDK', 'NDP kinase', 'Nucleoside-2-P kinase']
P36938, 9, ['Phosphoglucomutase', 'PGM', 'Glucose phosphomutase']
P39411, 7, ['Inosine/xanthosine triphosphatase', 'ITPase/XTPase', 'Non-canonical purine NTP phosphatase', 'Non-standard purine NTP phosphatase', 'Nucleoside-triphosphate phosphatase', 'NTPase']
P52061, 7, ['dITP/XTP pyrophosphatase', 'Deoxyribonucleoside triphosphate pyrophosphohydrolase', 'Inosine triphosphate pyrophosphatase', 'ITPase', 'Non-canonical purine NTP pyrophosphatase', 'Non-standard purine NTP pyrophosphatase', 'Nucleoside-triphosphate diphosphatase', 'Nucleoside-triphosphate pyrophosphatase', 'NTPase']
P0A912, 16, ['Peptidoglycan-associated lipoprotein', 'PAL', 'Tol-Pal system lipoprotein Pal']
P0A7Z0, 21, ['Ribose-5-phosphate isomerase A', 'Phosphoriboisomerase A', 'PRI']
P0A7E5, 3, ['CTP synthase', "Cytidine 5'-triphosphate synthase", 'Cytidine triphosphate synthetase', 'CTP synthetase', 'CTPS', 'UTP--ammonia ligase']
P00582, 28, ['DNA polymerase I', 'POL I']
P24232, 12, ['Flavohemoprotein', 'Flavohemoglobin', 'HMP', 'Hemoglobin-like protein', 'Nitric oxide dioxygenase', 'NO oxygenase', 'NOD']
P0A6L4, 52, ['N-acetylneuraminate lyase', 'NAL', 'Neu5Ac lyase', 'N-acetylneuraminate pyruvate-lyase', 'N-acetylneuraminic acid aldolase', 'NALase', 'Sialate lyase', 'Sialic acid aldolase', 'Sialic acid lyase']
P77243, 6, ['2-methylcitrate dehydratase', '2-MC dehydratase', '(2S,3S)-2-methylcitrate dehydratase', 'Aconitate hydratase', 'ACN', 'Aconitase']
P06616, 59, ['GTPase Era', 'ERA', 'GTP-binding protein Era']
P0AB89, 13, ['Adenylosuccinate lyase', 'ASL', 'Adenylosuccinase', 'ASase']
P0AFC0, 1, ['Dihydroneopterin triphosphate diphosphatase', 'Dihydroneopterin triphosphate pyrophosphatase', 'dATP pyrophosphohydrolase']
Q46893, 2, ['2-C-methyl-D-erythritol 4-phosphate cytidylyltransferase', '4-diphosphocytidyl-2C-methyl-D-erythritol synthase', 'CDP-ME synthase', 'MEP cytidylyltransferase', 'MCT']
P0AAI9, 2, ['Malonyl CoA-acyl carrier protein transacylase', 'MCT']
P80668, 6, ['Phenylacetaldehyde dehydrogenase', 'PAD']
P00864, 8, ['Phosphoenolpyruvate carboxylase', 'PEPC', 'PEPCase']
P0A9G6, 10, ['Isocitrate lyase', 'ICL', 'Isocitrase', 'Isocitratase']
P69503, 4, ['Adenine phosphoribosyltransferase', 'APRT']
P0A7F6, 2, ['S-adenosylmethionine decarboxylase proenzyme', 'AdoMetDC', 'SAMDC)  [Cleaved into: S-adenosylmethionine decarboxylase beta chain; S-adenosylmethionine decarboxylase alpha chain]']
P0AEU0, 4, ['Histidine-binding periplasmic protein', 'HBP']
P0A9S5, 8, ['Glycerol dehydrogenase', 'GDH', 'GLDH', '(R)-aminopropanol dehydrogenase', '1,2-propanediol dehydrogenase', 'D-1-amino-2-propanol oxidoreductase']
P0AES2, 8, ['Glucarate dehydratase', 'GDH', 'GlucD', 'D-glucarate dehydratase']
P0A910, 10, ['Outer membrane protein A', 'OmpA', 'Outer membrane porin A', 'Outer membrane protein 3A', 'Outer membrane protein B', 'Outer membrane protein II*', 'Outer membrane protein d']
P37689, 1, ['2,3-bisphosphoglycerate-independent phosphoglycerate mutase', 'BPG-independent PGAM', 'Phosphoglyceromutase', 'iPGM']
P62707, 1, ['2,3-bisphosphoglycerate-dependent phosphoglycerate mutase', 'BPG-dependent PGAM', 'PGAM', 'Phosphoglyceromutase', 'dPGM']
P61949, 1, ['Flavodoxin 1', 'Flavodoxin A']
P0AEX9, 26, ['Maltose/maltodextrin-binding periplasmic protein', 'MMBP', 'Maltodextrin-binding protein', 'Maltose-binding protein', 'MBP']
P0A9A9, 2, ['Ferric uptake regulation protein', 'Ferric uptake regulator']
P38506, 11, ['Flap endonuclease Xni', 'FEN', 'EC 3.1.-.-', 'Exonuclease IX', 'ExoIX']
P0A6V1, 5, ['Glucose-1-phosphate adenylyltransferase', 'ADP-glucose pyrophosphorylase', 'ADPGlc PPase', 'ADP-glucose synthase']
P0AEP3, 1, ['UTP--glucose-1-phosphate uridylyltransferase', 'Alpha-D-glucosyl-1-phosphate uridylyltransferase', 'UDP-Glc PPase', 'UDP-glucose pyrophosphorylase', 'UDPGP', 'Uridine diphosphoglucose pyrophosphorylase']
P0AAB6, 1, ['UTP--glucose-1-phosphate uridylyltransferase', 'Alpha-D-glucosyl-1-phosphate uridylyltransferase', 'UDP-glucose pyrophosphorylase', 'UDPGP', 'Uridine diphosphoglucose pyrophosphorylase']
P76578, 1, ['Alpha-2-macroglobulin', 'ECAM']
P0ABS5, 2, ['DNA primase']
P07623, 13, ['Homoserine O-succinyltransferase', 'HST', 'Homoserine transsuccinylase', 'HTS']
P02924, 14, ['L-arabinose-binding periplasmic protein', 'ABP']
P0A9T0, 3, ['D-3-phosphoglycerate dehydrogenase', 'PGDH', '2-oxoglutarate reductase']
P0AES4, 1, ['DNA gyrase subunit A']
P52697, 11, ['6-phosphogluconolactonase', '6-P-gluconolactonase', 'Pgl']
P37747, 2, ['UDP-galactopyranose mutase', 'UGM', 'UDP-GALP mutase', 'Uridine 5-diphosphate galactopyranose mutase']
P51981, 3, ['L-Ala-D/L-Glu epimerase', 'AE epimerase', 'AEE']
P0A6W9, 7, ['Glutamate--cysteine ligase', 'Gamma-ECS', 'GCS', 'Gamma-glutamylcysteine synthetase']
P17444, 14, ['Oxygen-dependent choline dehydrogenase', 'CDH', 'CHD', 'Betaine aldehyde dehydrogenase', 'BADH']
P00961, 1, ['Glycine--tRNA ligase beta subunit', 'Glycyl-tRNA synthetase beta subunit', 'GlyRS']
P00960, 1, ['Glycine--tRNA ligase alpha subunit', 'Glycyl-tRNA synthetase alpha subunit', 'GlyRS']
P33232, 2, ['L-lactate dehydrogenase', 'EC 1.1.-.-']
P0A7I4, 1, ['Peptide chain release factor RF3', 'RF-3']
P0ADG4, 1, ['Nus factor SuhB', 'Inositol-1-monophosphatase', 'I-1-Pase', 'IMPase', 'Inositol-1-phosphatase']
P27550, 9, ['Acetyl-coenzyme A synthetase', 'AcCoA synthetase', 'Acs', 'Acetate--CoA ligase', 'Acyl-activating enzyme']
P42588, 21, ['Putrescine aminotransferase', 'PAT', 'PATase', 'Cadaverine transaminase', 'Diamine transaminase', 'Putrescine transaminase', 'Putrescine--2-oxoglutaric acid transaminase', 'Putrescine:2-OG aminotransferase']
P26281, 3, ['2-amino-4-hydroxy-6-hydroxymethyldihydropteridine pyrophosphokinase', '6-hydroxymethyl-7,8-dihydropterin pyrophosphokinase', 'PPPK', '7,8-dihydro-6-hydroxymethylpterin-pyrophosphokinase', 'HPPK']
P0A951, 15, ['Spermidine N(1)-acetyltransferase', 'SAT', 'Spermidine/spermine N(1)-acetyltransferase', 'SSAT']
P21156, 13, ['Sulfate adenylyltransferase subunit 2', 'ATP-sulfurylase small subunit', 'Sulfate adenylate transferase', 'SAT']
P23845, 13, ['Sulfate adenylyltransferase subunit 1', 'ATP-sulfurylase large subunit', 'Sulfate adenylate transferase', 'SAT']
P0A9D4, 13, ['Serine acetyltransferase', 'SAT']
P15723, 3, ['Deoxyguanosinetriphosphate triphosphohydrolase', 'dGTP triphosphohydrolase', 'dGTPase']
P0A6P9, 2, ['Enolase', '2-phospho-D-glycerate hydro-lyase', '2-phosphoglycerate dehydratase']
P27431, 7, ['Ribosomal protein uL16 3-hydroxylase', 'Ribosomal oxygenase RoxA', 'ROX']
Q47013, 12, ['Protease ElaD', 'Deubiquitinase', 'Deubiquitinating enzyme', 'DUB', 'Deubiquitinating protease']
P0AEM6, 3, ['RNA polymerase sigma factor FliA', 'RNA polymerase sigma factor for flagellar operon', 'Sigma F', 'Sigma-27', 'Sigma-28']
P17445, 3, ['Betaine aldehyde dehydrogenase', 'BADH']
P04079, 1, ['GMP synthase [glutamine-hydrolyzing]', 'GMP synthetase', 'GMPS', 'Glutamine amidotransferase']
P0A752, 1, ['Nicotinate-nucleotide adenylyltransferase', 'Deamido-NAD(+) diphosphorylase', 'Deamido-NAD(+) pyrophosphorylase', 'Nicotinate mononucleotide adenylyltransferase', 'NaMN adenylyltransferase']
P00811, 3, ['Beta-lactamase', 'Cephalosporinase']
P27254, 1, ['GTPase ArgK', 'G-protein chaperone']
P68767, 9, ['Cytosol aminopeptidase', 'Aminopeptidase A/I', 'Leucine aminopeptidase', 'LAP', 'Leucyl aminopeptidase']
P0A8N7, 7, ['Elongation factor P--(R)-beta-lysine ligase', 'EF-P--(R)-beta-lysine ligase', 'EF-P post-translational modification enzyme A', 'EF-P-lysine lysyltransferase', 'GX']
P0A940, 2, ['Outer membrane protein assembly factor BamA', 'Omp85']
P17115, 13, ['Arabinose 5-phosphate isomerase GutQ', 'API', 'G-API', 'Phosphosugar aldol-ketol isomerase']
P45395, 13, ['Arabinose 5-phosphate isomerase KdsD', 'API', 'L-API']
P0A6L0, 2, ['Deoxyribose-phosphate aldolase', 'DERA', '2-deoxy-D-ribose 5-phosphate aldolase', 'Phosphodeoxyriboaldolase', 'Deoxyriboaldolase']
P04949, 3, ['Flagellin']
P04995, 9, ['Exodeoxyribonuclease I', 'ExoI', 'Exonuclease I', 'DNA deoxyribophosphodiesterase', 'dRPase']
P05804, 26, ['Beta-glucuronidase', 'GUS', 'Beta-D-glucuronoside glucuronosohydrolase', 'EcGUS', 'UID']
P40711, 1, ['Peptidyl-tRNA hydrolase ArfB', 'PTH', 'Alternative ribosome-rescue factor B']
P0A7D1, 1, ['Peptidyl-tRNA hydrolase', 'PTH']
P05055, 2, ['Polyribonucleotide nucleotidyltransferase', 'Polynucleotide phosphorylase', 'PNPase']
P21499, 2, ['Ribonuclease R', 'RNase R', 'Protein VacB']
P21513, 3, ['Ribonuclease E', 'RNase E']
P0ABF6, 6, ['Cytidine deaminase', 'Cytidine aminohydrolase', 'CDA']
P0A7Y4, 9, ['Ribonuclease HI', 'RNase HI', 'Ribonuclease H', 'RNase H']
P0AB71, 2, ['Fructose-bisphosphate aldolase class 2', 'FBP aldolase', 'FBPA', 'Fructose-1,6-bisphosphate aldolase', 'Fructose-bisphosphate aldolase class II', 'Sedoheptulose bisphosphate aldolase']
P37128, 1, ['GDP-mannose pyrophosphatase', 'GDP-mannose hydrolase', 'GDPMK']
Q93K97, 1, ['ADP-ribose pyrophosphatase', 'ADP-ribose diphosphatase', 'ADP-ribose phosphohydrolase', 'ASPPase', 'Adenosine diphosphoribose pyrophosphatase', 'ADPR-PPase']
P0AC13, 4, ['Dihydropteroate synthase', 'DHPS', 'Dihydropteroate pyrophosphorylase']
P39280, 12, ['L-lysine 2,3-aminomutase', 'LAM', 'EF-P post-translational modification enzyme B']
P00954, 3, ['Tryptophan--tRNA ligase', 'Tryptophanyl-tRNA synthetase', 'TrpRS']
P0A9P4, 2, ['Thioredoxin reductase', 'TRXR']
P04805, 3, ['Glutamate--tRNA ligase', 'Glutamyl-tRNA synthetase', 'GluRS']
P06149, 6, ['Quinone-dependent D-lactate dehydrogenase', '(R)-lactate:quinone 2-oxidoreductase', 'D-lactate dehydrogenase', 'D-LDH', 'Respiratory D-lactate dehydrogenase']
P52643, 6, ['D-lactate dehydrogenase', 'D-LDH', 'Fermentative lactate dehydrogenase']
P0A6T1, 22, ['Glucose-6-phosphate isomerase', 'GPI', 'Phosphoglucose isomerase', 'PGI', 'Phosphohexose isomerase', 'PHI']
P0AD49, 4, ['Ribosome-associated inhibitor A', 'Protein Y', 'pY', 'Ribosome associated factor Y', 'Spot Y']
P23256, 3, ['Protein MalY [Includes: Cystathionine beta-lyase MalY', 'CBL', 'Beta-cystathionase MalY', 'Cysteine lyase MalY', 'Cysteine-S-conjugate beta-lyase MalY); Maltose regulon modulator]']
P12295, 3, ['Uracil-DNA glycosylase', 'UDG']
P08622, 1, ['Chaperone protein DnaJ', 'HSP40', 'Heat shock protein J']
P0ACB4, 4, ['Protoporphyrinogen IX dehydrogenase [quinone]', 'Protoporphyrinogen IX dehydrogenase [menaquinone]', 'Protoporphyrinogen IX dehydrogenase [ubiquinone]', 'Protoporphyrinogen oxidase', 'PPO']
P22333, 1, ['Adenosine deaminase', 'Adenosine aminohydrolase']
P10121, 1, ['Signal recognition particle receptor FtsY', 'SRP receptor']
P0ABG1, 6, ['Phosphatidate cytidylyltransferase', 'CDP-DAG synthase', 'CDP-DG synthase', 'CDP-diacylglycerol synthase', 'CDS', 'CDP-diglyceride pyrophosphorylase', 'CDP-diglyceride synthase', 'CTP:phosphatidate cytidylyltransferase']
P04036, 3, ['4-hydroxy-tetrahydrodipicolinate reductase', 'HTPA reductase']
P0A944, 3, ['[Ribosomal protein bS18]-alanine N-acetyltransferase', 'KAT', 'Peptidyl-lysine N-acetyltransferase']
P16691, 3, ['Aminoalkylphosphonate N-acetyltransferase', 'KAT', 'Peptidyl-lysine N-acetyltransferase']
P09163, 3, ['Peptidyl-lysine N-acetyltransferase YjaB', 'KAT']
P37664, 3, ['Peptidyl-lysine N-acetyltransferase YiaC', 'KAT']
P04693, 2, ['Aromatic-amino-acid aminotransferase', 'ARAT', 'AROAT', 'Beta-methylphenylalanine transaminase']
P0AEE8, 4, ['DNA adenine methylase', 'DNA adenine methyltransferase', 'Deoxyadenosyl-methyltransferase', 'Orphan methyltransferase M.EcoKDam', 'M.EcoKDam']
P06968, 4, ["Deoxyuridine 5'-triphosphate nucleotidohydrolase", 'dUTPase', 'dUTP pyrophosphatase']
P23871, 2, ['Ferrochelatase', 'Heme synthase', 'Protoheme ferro-lyase']
P0A867, 2, ['Transaldolase A']
P0A6F5, 4, ['Chaperonin GroEL', '60 kDa chaperonin', 'Chaperonin-60', 'Cpn60', 'GroEL protein']
P0A715, 2, ['2-dehydro-3-deoxyphosphooctonate aldolase', '3-deoxy-D-manno-octulosonic acid 8-phosphate synthase', 'KDO-8-phosphate synthase', 'KDO 8-P synthase', 'KDOPS', 'Phospho-2-dehydro-3-deoxyoctonate aldolase']
P0A8U6, 1, ['Met repressor', 'Met regulon regulatory protein MetJ']
P0A6X1, 2, ['Glutamyl-tRNA reductase', 'GluTR']
P06983, 2, ['Porphobilinogen deaminase', 'PBG', 'Hydroxymethylbilane synthase', 'HMBS', 'Pre-uroporphyrinogen synthase']
P0ADF6, 2, ['Phosphogluconate dehydratase', '6-phosphogluconate dehydratase', 'Entner-Doudoroff dehydrase']
P0CE47, 7, ['Elongation factor Tu 1', 'EF-Tu 1', 'Bacteriophage Q beta RNA-directed RNA polymerase subunit III', 'P-43']
P0CE48, 7, ['Elongation factor Tu 2', 'EF-Tu 2', 'Bacteriophage Q beta RNA-directed RNA polymerase subunit III', 'P-43']
P0A9S1, 1, ['Lactaldehyde reductase', 'Propanediol oxidoreductase']
P69811, 5, ['Multiphosphoryl transfer protein', 'MTP', 'Diphosphoryl transfer protein', 'DTP', 'Phosphotransferase FPr protein', 'Pseudo-HPr) [Includes: Phosphocarrier protein HPr (Protein H); PTS system fructose-specific EIIA component (EIIA-Fru', 'EIII-Fru', 'Fructose-specific phosphotransferase enzyme IIA component)]']
P0A6C5, 8, ['Amino-acid acetyltransferase', 'N-acetylglutamate synthase', 'AGS', 'NAGS']
P0A7C2, 1, ['LexA repressor']
P00914, 8, ['Deoxyribodipyrimidine photo-lyase', 'DNA photolyase', 'Photoreactivating enzyme']
P0ABD3, 6, ['Bacterioferritin', 'BFR', 'Cytochrome b-1', 'Cytochrome b-557']
P0A9H1, 2, ['G/U mismatch-specific DNA glycosylase', 'Double-strand-specific uracil glycosylase', 'Mismatch-specific uracil DNA-glycosylase', 'MUG']
P07003, 1, ['Pyruvate dehydrogenase [ubiquinone]', 'Pyruvate oxidase', 'POX', 'Pyruvate:ubiquinone-8 oxidoreductase']
P0A9M5, 1, ['Xanthine-guanine phosphoribosyltransferase', 'XGPRT', 'Xanthine phosphoribosyltransferase']
P67910, 2, ['ADP-L-glycero-D-manno-heptose-6-epimerase', 'ADP-L-glycero-beta-D-manno-heptose-6-epimerase', 'ADP-glyceromanno-heptose 6-epimerase', 'ADP-hep 6-epimerase', 'AGME']
P0A847, 1, ['Queuine tRNA-ribosyltransferase', 'Guanine insertion enzyme', 'tRNA-guanine transglycosylase']
P0A9M0, 4, ['Lon protease', 'ATP-dependent protease La']
P24175, 1, ['Phosphomannomutase', 'PMM']
P25437, 6, ['S-(hydroxymethyl)glutathione dehydrogenase', 'Alcohol dehydrogenase class-3', 'Alcohol dehydrogenase class-III', 'Glutathione-dependent formaldehyde dehydrogenase', 'FALDH', 'FDH', 'GSH-FDH']
P76214, 2, ['Protein Ves', 'Various environmental stresses-induced protein']
P77766, 1, ["5'-3' exoribonuclease Rnm", "3',5'-nucleotide bisphosphate phosphatase", 'RNase AM']
P05194, 1, ['3-dehydroquinate dehydratase', '3-dehydroquinase', 'Type I DHQase', 'Type I dehydroquinase', 'DHQ1']
P0AE08, 5, ['Alkyl hydroperoxide reductase C', 'Alkyl hydroperoxide reductase protein C22', 'Peroxiredoxin', 'SCRP-23', 'Sulfate starvation-induced protein 8', 'SSI8', 'Thioredoxin peroxidase']
P33235, 2, ['Flagellar hook-associated protein 1', 'HAP1']
P0AEN1, 2, ['NAD(P)H-flavin reductase', 'FMN reductase', 'Ferrisiderophore reductase C', 'NAD(P)H:flavin oxidoreductase', 'Riboflavin reductase [NAD(P)H]']
P75893, 3, ['FMN reductase', 'NADH) RutF  (FMN reductase', 'NADH-flavin reductase RutF', 'NADH:flavin oxidoreductase']
P0ACF0, 2, ['DNA-binding protein HU-alpha', 'HU-2', 'NS2']
P0A9M8, 1, ['Phosphate acetyltransferase', 'Phosphotransacetylase']
P22939, 2, ['Farnesyl diphosphate synthase', 'FPP synthase', '(2E,6E)-farnesyl diphosphate synthase', 'Geranyltranstransferase']
P0A6P1, 4, ['Elongation factor Ts', 'EF-Ts', 'Bacteriophage Q beta RNA-directed RNA polymerase subunit IV']
P30014, 1, ['Ribonuclease T', 'Exoribonuclease T', 'RNase T']
P32664, 1, ['NAD-capped RNA hydrolase NudC', 'DeNADding enzyme NudC', 'NADH pyrophosphatase']
P0A6D3, 2, ['3-phosphoshikimate 1-carboxyvinyltransferase', '5-enolpyruvylshikimate-3-phosphate synthase', 'EPSP synthase', 'EPSPS']
P77488, 1, ['1-deoxy-D-xylulose-5-phosphate synthase', '1-deoxyxylulose-5-phosphate synthase', 'DXP synthase', 'DXPS']
P0A6M4, 1, ['D-aminoacyl-tRNA deacylase', 'DTD', 'D-tyrosyl RNA deacylase', 'D-tyrosyl-tRNA(Tyr) deacylase', 'Gly-tRNA(Ala) deacylase', 'Gly-tRNA(Gly) deacylase']
P0ACF4, 2, ['DNA-binding protein HU-beta', 'HU-1', 'NS1']
P05793, 4, ['Ketol-acid reductoisomerase', 'NADP(+)', 'KARI', 'Acetohydroxy-acid isomeroreductase', 'AHIR', 'Alpha-keto-beta-hydroxylacyl reductoisomerase', 'Ketol-acid reductoisomerase type 2', 'Ketol-acid reductoisomerase type II']
P0A6V8, 2, ['Glucokinase', 'Glucose kinase']
P0A717, 1, ['Ribose-phosphate pyrophosphokinase', 'RPPK', '5-phospho-D-ribosyl alpha-1-diphosphate synthase', 'Phosphoribosyl diphosphate synthase', 'Phosphoribosyl pyrophosphate synthase', 'P-Rib-PP synthase', 'PRPP synthase', 'PRPPase']
P0A9J4, 1, ['2-dehydropantoate 2-reductase', 'Ketopantoate reductase', 'KPA reductase', 'KPR']
P61316, 10, ['Outer-membrane lipoprotein carrier protein', 'P20']
P0A862, 3, ['Thiol peroxidase', 'Tpx', 'Peroxiredoxin tpx', 'Prx', 'Scavengase p20', 'Thioredoxin peroxidase', 'Thioredoxin-dependent peroxiredoxin']
P0ACD8, 1, ['Hydrogenase-1 large chain', 'HYD1', 'Membrane-bound hydrogenase 1 large subunit', 'NiFe hydrogenase']
P0ACE0, 1, ['Hydrogenase-2 large chain', 'HYD2', 'Membrane-bound hydrogenase 2 large subunit', 'NiFe hydrogenase']
P69739, 1, ['Hydrogenase-1 small chain', 'HYD1', 'Membrane-bound hydrogenase 1 small subunit', 'NiFe hydrogenase']
P69741, 1, ['Hydrogenase-2 small chain', 'HYD2', 'Membrane-bound hydrogenase 2 small subunit', 'NiFe hydrogenase']
Q46925, 10, ['Cysteine desulfurase CsdA', 'Cysteine sulfinate desulfinase', 'CSD', 'Selenocysteine lyase']
P00946, 3, ['Mannose-6-phosphate isomerase', 'Phosphohexomutase', 'Phosphomannose isomerase', 'PMI']
P00936, 2, ['Adenylate cyclase', 'ATP pyrophosphate-lyase', 'Adenylyl cyclase']
P33018, 2, ['S-formylglutathione hydrolase YeiG', 'FGH']
P51025, 2, ['S-formylglutathione hydrolase FrmB', 'FGH']
P05791, 6, ['Dihydroxy-acid dehydratase', 'DAD']
P25889, 2, ['NAD-dependent dihydropyrimidine dehydrogenase subunit PreA', 'DPD', 'Dihydrothymine dehydrogenase', 'Dihydrouracil dehydrogenase']
P76440, 2, ['NAD-dependent dihydropyrimidine dehydrogenase subunit PreT', 'DPD', 'Dihydrothymine dehydrogenase', 'Dihydrouracil dehydrogenase']
P77425, 1, ['Allantoate amidohydrolase', 'AAH', 'Allantoate deiminase']
P16659, 1, ['Proline--tRNA ligase', 'Global RNA synthesis factor', 'Prolyl-tRNA synthetase', 'ProRS']
P60785, 2, ['Elongation factor 4', 'EF-4', 'EC 3.6.5.n1', 'Ribosomal back-translocase LepA']
P0A6G7, 1, ['ATP-dependent Clp protease proteolytic subunit', 'Caseinolytic protease', 'Endopeptidase Clp', 'Heat shock protein F21.5', 'Protease Ti']
P0AC88, 1, ['GDP-mannose 4,6-dehydratase', 'GDP-D-mannose dehydratase']
P0A722, 1, ['Acyl-[acyl-carrier-protein]--UDP-N-acetylglucosamine O-acyltransferase', 'UDP-N-acetylglucosamine acyltransferase']
P0A9L8, 6, ['Pyrroline-5-carboxylate reductase', 'P5C reductase', 'P5CR', 'PCA reductase']
P0AGJ9, 3, ['Tyrosine--tRNA ligase', 'Tyrosyl-tRNA synthetase', 'TyrRS']
P13016, 2, ['1,6-anhydro-N-acetylmuramyl-L-alanine amidase AmpD', 'N-acetylmuramoyl-L-alanine amidase']
P0ABH7, 4, ['Citrate synthase']
P0A6U8, 2, ['Glycogen synthase', 'Starch [bacterial glycogen] synthase']
P22256, 3, ['4-aminobutyrate aminotransferase GabT', '5-aminovalerate transaminase', 'GABA aminotransferase', 'GABA-AT', 'Gamma-amino-N-butyrate transaminase', 'GABA transaminase', 'Glutamate:succinic semialdehyde transaminase', 'L-AIBAT']
P50457, 3, ['4-aminobutyrate aminotransferase PuuE', 'GABA aminotransferase', 'GABA-AT', 'Gamma-amino-N-butyrate transaminase', 'GABA transaminase', 'Glutamate:succinic semialdehyde transaminase']
P76503, 2, ['3-ketoacyl-CoA thiolase FadI', 'ACSs', 'Acetyl-CoA acyltransferase', 'Acyl-CoA ligase', 'Beta-ketothiolase', 'Fatty acid oxidation complex subunit beta']
P0A6K3, 4, ['Peptide deformylase', 'PDF', 'Polypeptide deformylase']
P04152, 4, ['Protein UmuC', 'DNA polymerase V', 'Pol V']
Q47155, 3, ['DNA polymerase IV', 'Pol IV', 'Translesion synthesis polymerase IV', 'TSL polymerase IV']
P14294, 1, ['DNA topoisomerase 3', 'DNA topoisomerase III']
P0A7G6, 1, ['Protein RecA', 'Recombinase A']
P0C037, 2, ['Pyrimidine/purine nucleoside phosphorylase', 'Adenosine phosphorylase', 'Cytidine phosphorylase', 'Guanosine phosphorylase', 'Inosine phosphorylase', 'Thymidine phosphorylase', 'Uridine phosphorylase', 'Xanthosine phosphorylase']
P12758, 2, ['Uridine phosphorylase', 'UPase', 'UrdPase']
P0ACE7, 1, ['Purine nucleoside phosphoramidase', 'Histidine triad nucleotide binding protein HinT', 'HIT protein']
P0AEY5, 1, ['NADPH:quinone oxidoreductase MdaB', 'Modulator of drug activity B']
P0A786, 2, ['Aspartate carbamoyltransferase catalytic subunit', 'Aspartate transcarbamylase', 'ATCase']
P68398, 1, ['tRNA-specific adenosine deaminase']
P0AC59, 2, ['Glutaredoxin 2', 'Grx2']
P0AB65, 1, ['Acylphosphatase', 'Acylphosphate phosphohydrolase']
P0A9K9, 2, ['FKBP-type peptidyl-prolyl cis-trans isomerase SlyD', 'PPIase', 'Histidine-rich protein', 'Metallochaperone SlyD', 'Rotamase', 'Sensitivity to lysis protein D', 'WHP']
P0A9L3, 2, ['FKBP-type 22 kDa peptidyl-prolyl cis-trans isomerase', 'FKBP22', 'PPIase', 'Rotamase']
P0AEM0, 2, ['FKBP-type 16 kDa peptidyl-prolyl cis-trans isomerase', 'PPIase', 'Rotamase']
P45523, 2, ['FKBP-type peptidyl-prolyl cis-trans isomerase FkpA', 'PPIase', 'Rotamase']
P0A6D7, 2, ['Shikimate kinase 1', 'SK 1', 'Shikimate kinase I', 'SKI']
P05458, 1, ['Protease 3', 'Pitrilysin', 'Protease III', 'Protease pi']
P24555, 2, ['Protease 2', 'Oligopeptidase B', 'Protease II']
P17169, 1, ['Glutamine--fructose-6-phosphate aminotransferase [isomerizing]', 'D-fructose-6-phosphate amidotransferase', 'GFAT', 'Glucosamine-6-phosphate synthase', 'Hexosephosphate aminotransferase', 'L-glutamine--D-fructose-6-phosphate amidotransferase']
P09169, 1, ['Protease 7', 'Omptin', 'Outer membrane protein 3B', 'Protease A', 'Protease VII']
P30178, 1, ['Hydroxycarboxylate dehydrogenase B', '2-oxoglutarate reductase', 'Hydroxyphenylpyruvate reductase', 'Phenylpyruvate reductase']
P45579, 1, ['Hydroxycarboxylate dehydrogenase A', '2-oxobutanoate reductase', '2-oxoglutarate reductase']
P0A7B3, 1, ['NAD kinase', 'ATP-dependent NAD kinase']
P69451, 1, ['Long-chain-fatty-acid--CoA ligase', 'Long-chain acyl-CoA synthetase', 'Acyl-CoA synthetase']
P0AA89, 4, ['Diguanylate cyclase DosC', 'DGC', 'Direct oxygen-sensing cyclase']
P31129, 4, ['Diguanylate cyclase DgcZ', 'DGC', 'Zinc-sensory diguanylate cyclase']
P46139, 4, ['Diguanylate cyclase DgcN', 'DGC']
P75908, 4, ['Probable diguanylate cyclase DgcT', 'DGC']
P76236, 4, ['Probable diguanylate cyclase CdgI', 'DGC']
P76330, 4, ['Probable diguanylate cyclase DgcQ', 'DGC', 'Cellulose synthesis regulatory protein']
P77302, 4, ['Diguanylate cyclase DgcM', 'DGC']
P0AAP1, 4, ['Probable diguanylate cyclase DgcC', 'DGC']
P38097, 4, ['Probable diguanylate cyclase DgcE', 'DGC']
P75801, 4, ['Probable diguanylate cyclase DgcI', 'DGC', 'Putative lipoprotein DgcI']
P76147, 4, ['Probable diguanylate cyclase DgcF', 'DGC']
P76237, 4, ['Probable diguanylate cyclase DgcJ', 'DGC']
P76245, 4, ['Diguanylate cyclase DgcP', 'DGC']
P10902, 2, ['L-aspartate oxidase', 'LASPO', 'L-aspartate:fumarate oxidoreductase', 'Quinolinate synthetase B']
P0ABQ4, 2, ['Dihydrofolate reductase']
P32131, 1, ['Oxygen-independent coproporphyrinogen III oxidase', 'CPO', 'Coproporphyrinogen III dehydrogenase', 'CPDH']
P36553, 1, ['Oxygen-dependent coproporphyrinogen-III oxidase', 'CPO', 'Coprogen oxidase', 'Coproporphyrinogenase']
P0AER0, 1, ['Glycerol uptake facilitator protein', 'Aquaglyceroporin', 'Glycerol facilitator']
P0A9R4, 1, ['2Fe-2S ferredoxin']
P06988, 1, ['Histidinol dehydrogenase', 'HDH']
P0ACB2, 2, ['Delta-aminolevulinic acid dehydratase', 'ALAD', 'ALADH', 'Porphobilinogen synthase']
P0AC16, 2, ['Dihydroneopterin aldolase', 'DHNA', "7,8-dihydroneopterin 2'-epimerase", '7,8-dihydroneopterin aldolase', '7,8-dihydroneopterin epimerase', 'Dihydroneopterin epimerase']
P0AF16, 1, ['Lipid II flippase MurJ', 'Peptidoglycan biosynthesis protein MurJ']
P0A6C8, 1, ['Acetylglutamate kinase', 'N-acetyl-L-glutamate 5-phosphotransferase', 'NAG kinase', 'NAGK']
P00861, 1, ['Diaminopimelate decarboxylase', 'DAP decarboxylase', 'DAPDC']
P0ABG4, 1, ['Probable peptidoglycan glycosyltransferase FtsW', 'PGT', 'Cell division protein FtsW', 'Cell wall polymerase', 'Lipid II flippase FtsW', 'Peptidoglycan polymerase', 'PG polymerase']
P0ABG7, 1, ['Peptidoglycan glycosyltransferase MrdB', 'PGT', 'Cell elongation protein RodA', 'Cell wall polymerase', 'Peptidoglycan polymerase', 'PG polymerase', 'Rod shape-determining protein']
P46022, 1, ['Biosynthetic peptidoglycan transglycosylase', 'Glycan polymerase', 'Monofunctional biosynthetic peptidoglycan transglycosylase', 'Monofunctional glycosyltransferase', 'Monofunctional GTase', 'Peptidoglycan glycosyltransferase MtgA', 'PGT']
P36655, 1, ['Thiol:disulfide interchange protein DsbD', 'C-type cytochrome biogenesis protein CycZ', 'Inner membrane copper tolerance protein', 'Protein-disulfide reductase', 'Disulfide reductase']
P0A6F9, 1, ['Co-chaperonin GroES', '10 kDa chaperonin', 'Chaperonin-10', 'Cpn10']
P23524, 1, ['Glycerate 2-kinase', 'Glycerate kinase 1', 'GK1']
P0A6N4, 3, ['Elongation factor P', 'EF-P']
P0A7A7, 1, ['Glycerol-3-phosphate acyltransferase', 'GPAT']
P60782, 1, ['Probable glycerol-3-phosphate acyltransferase', 'G3P acyltransferase', 'GPAT', 'EC 2.3.1.15, EC 2.3.1.n5', 'Lysophosphatidic acid synthase', 'LPA synthase']
P25736, 6, ['Endonuclease-1', 'Endonuclease I', 'Endo I']
P05020, 2, ['Dihydroorotase', 'DHOase']
P0AC81, 1, ['Lactoylglutathione lyase', 'Aldoketomutase', 'Glyoxalase I', 'Glx I', 'Ketone-aldehyde mutase', 'Methylglyoxalase', 'S-D-lactoylglutathione methylglyoxal lyase']
P42593, 1, ['2,4-dienoyl-CoA reductase [(2E)-enoyl-CoA-producing]', 'DCR', '2,4-dienoyl-coenzyme A reductase [NADPH]']
P07813, 1, ['Leucine--tRNA ligase', 'Leucyl-tRNA synthetase', 'LeuRS']
P30745, 1, ["GTP 3',8-cyclase", 'Molybdenum cofactor biosynthesis protein A']
P0A6X3, 1, ['RNA-binding protein Hfq', 'HF-1', 'Host factor-I protein', 'HF-I']
P0A8F0, 1, ['Uracil phosphoribosyltransferase', 'UMP pyrophosphorylase', 'UPRTase']
P04951, 1, ['3-deoxy-manno-octulosonate cytidylyltransferase', 'CMP-2-keto-3-deoxyoctulosonic acid synthase', 'CKS', 'CMP-KDO synthase']
P0A805, 1, ['Ribosome-recycling factor', 'RRF', 'Ribosome-releasing factor']
P31441, 1, ['Adenine deaminase', 'Adenase', 'Adenine aminase']
P0AG11, 1, ['Protein UmuD', 'DNA polymerase V', "Pol V) [Cleaved into: Protein UmuD']"]
P0A988, 2, ['Beta sliding clamp', 'Beta clamp', 'Sliding clamp', 'Beta-clamp processivity factor', 'DNA polymerase III beta sliding clamp subunit']
P0AB83, 2, ['Endonuclease III', 'DNA-(apurinic or apyrimidinic site) lyase']
P0AGC3, 1, ['Soluble lytic murein transglycosylase', 'EC 4.2.2.n1', 'Exomuramidase', 'Peptidoglycan lytic exotransglycosylase', 'Slt70']
P0AFL3, 2, ['Peptidyl-prolyl cis-trans isomerase A', 'PPIase A', 'Cyclophilin A', 'Rotamase A']
P30958, 1, ['Transcription-repair-coupling factor', 'TRCF']
P25665, 1, ['5-methyltetrahydropteroyltriglutamate--homocysteine methyltransferase', 'Cobalamin-independent methionine synthase', 'Methionine synthase, vitamin-B12 independent isozyme']
P00509, 2, ['Aspartate aminotransferase', 'AspAT', 'Transaminase A']
P60651, 2, ['Agmatinase', 'Agmatine ureohydrolase', 'AUH']
P09030, 5, ['Exodeoxyribonuclease III', 'EXO III', 'Exonuclease III', 'AP endonuclease VI']
P22106, 2, ['Asparagine synthetase B [glutamine-hydrolyzing]', 'AS-B']
P0A698, 2, ['UvrABC system protein A', 'UvrA protein', 'Excinuclease ABC subunit A']
P00959, 3, ['Methionine--tRNA ligase', 'Methionyl-tRNA synthetase', 'MetRS']
P21888, 1, ['Cysteine--tRNA ligase', 'Cysteinyl-tRNA synthetase', 'CysRS']
P60906, 1, ['Histidine--tRNA ligase', 'Histidyl-tRNA synthetase', 'HisRS']
P68739, 1, ['Endonuclease V', 'EndoV', "Deoxyinosine 3'endonuclease", 'Deoxyribonuclease V', 'DNase V']
P23857, 2, ['Thiosulfate sulfurtransferase PspE', 'TST', 'Phage shock protein E']
P37019, 1, ['H(+)/Cl(-) exchange transporter ClcA', 'ClC-ec1']
P0ABN1, 1, ['Diacylglycerol kinase', 'DAGK', 'Diglyceride kinase', 'DGK']
Q46822, 1, ['Isopentenyl-diphosphate Delta-isomerase', 'IPP isomerase', 'IPP:DMAPP isomerase', 'Isopentenyl pyrophosphate isomerase']
P68688, 1, ['Glutaredoxin 1', 'Grx1']
P0ABD8, 1, ['Biotin carboxyl carrier protein of acetyl-CoA carboxylase', 'BCCP']
P00805, 1, ['L-asparaginase 2', 'L-asparaginase II', 'L-ASNase II', 'L-asparagine amidohydrolase II', 'Colaspase']
P0A962, 1, ['L-asparaginase 1', 'L-asparaginase I', 'L-ASNase I', 'L-asparagine amidohydrolase I']
P08202, 1, ['L-arabinose isomerase']
P0AFB5, 1, ['Sensory histidine kinase/phosphatase NtrB', 'Nitrogen regulation protein NR(II)', 'Nitrogen regulator II', 'NRII']
P0AFB8, 1, ['DNA-binding transcriptional regulator NtrC', 'Nitrogen regulation protein NR(I)', 'Nitrogen regulator I', 'NRI']
P27278, 1, ['Trifunctional NAD biosynthesis/regulator protein NadR [Includes: Transcriptional regulator NadR; Nicotinamide mononucleotide adenylyltransferase', 'NMN adenylyltransferase', 'NMN-AT', 'NMNAT', 'Nicotinamide ribonucleotide adenylyltransferase', 'Nicotinamide-nucleotide adenylyltransferase); Ribosylnicotinamide kinase (RNK', 'Nicotinamide riboside kinase', 'NRK', 'NmR-K)]']
P0A853, 1, ['Tryptophanase', 'L-tryptophan indole-lyase', 'TNase']
P00935, 1, ['Cystathionine gamma-synthase', 'CGS', 'O-succinylhomoserine (thiol)-lyase']
P0A8N3, 1, ['Lysine--tRNA ligase', 'Lysyl-tRNA synthetase', 'LysRS']
P0A8N5, 1, ['Lysine--tRNA ligase, heat inducible', 'Lysyl-tRNA synthetase', 'LysRS']
P07395, 1, ['Phenylalanine--tRNA ligase beta subunit', 'Phenylalanyl-tRNA synthetase beta subunit', 'PheRS']
P08312, 1, ['Phenylalanine--tRNA ligase alpha subunit', 'Phenylalanyl-tRNA synthetase alpha subunit', 'PheRS']
P23827, 1, ['Ecotin']
P09158, 1, ['Polyamine aminopropyltransferase', 'Cadaverine aminopropyltransferase', 'Putrescine aminopropyltransferase', 'PAPT', 'Spermidine aminopropyltransferase', 'Spermidine synthase', 'SPDS', 'SPDSY', 'Spermine synthase', 'Thermospermine synthase']
P23847, 1, ['Dipeptide-binding protein', 'DBP', 'Periplasmic dipeptide transport protein']
P0AEP7, 1, ['Glyoxylate carboligase', 'Tartronate-semialdehyde synthase']
P00816, 1, ['Cyanate hydratase', 'Cyanase', 'Cyanate hydrolase', 'Cyanate lyase']
P76641, 1, ['Guanine deaminase', 'Guanase', 'Guanine aminase', 'Guanine aminohydrolase', 'GAH']
P0AEK4, 1, ['Enoyl-[acyl-carrier-protein] reductase [NADH] FabI', 'ENR', 'NADH-dependent enoyl-ACP reductase']
P08506, 1, ['D-alanyl-D-alanine carboxypeptidase DacC', 'DD-carboxypeptidase', 'DD-peptidase', 'Penicillin-binding protein 6', 'PBP-6']
P0AD70, 1, ['D-alanyl-D-alanine-carboxypeptidase/endopeptidase AmpH', 'EC 3.4.-.-', 'DD-alanine-endopeptidase', 'DD-carboxypeptidase', 'Penicillin-binding protein AmpH']
P0AEB2, 1, ['D-alanyl-D-alanine carboxypeptidase DacA', 'DD-carboxypeptidase', 'DD-peptidase', 'Beta-lactamase', 'Penicillin-binding protein 5', 'PBP-5']
P0AFI5, 1, ['D-alanyl-D-alanine endopeptidase', 'DD-endopeptidase', 'Penicillin-binding protein 7', 'PBP-7']
P0C0T5, 1, ['Penicillin-insensitive murein endopeptidase', 'D-alanyl-D-alanine-endopeptidase', 'DD-endopeptidase']
P24228, 2, ['D-alanyl-D-alanine carboxypeptidase DacB', 'DD-carboxypeptidase', 'DD-peptidase', 'D-alanyl-D-alanine endopeptidase', 'DD-endopeptidase', 'Penicillin-binding protein 4', 'PBP-4']
P33013, 1, ['D-alanyl-D-alanine carboxypeptidase DacD', 'DD-carboxypeptidase', 'DD-peptidase', 'Penicillin-binding protein 6b', 'PBP-6b']
P77619, 1, ['Putative D-alanyl-D-alanine carboxypeptidase', 'DD-carboxypeptidase', 'DD-CPase', 'Penicillin binding protein 4B']
